{
  "manifest.json": 1744109145125,
  "ext/fragment/UploadEarningDocument.js": 1744101689839,
  "i18n/i18n.properties": 1744094783208,
  "Component.js": 1744094757160,
  "Component-dbg.js": 1744094757160,
  "Component.js.map": 1744109145252,
  "ext/fragment/UploadEarningDocument-dbg.js": 1744101689839,
  "ext/fragment/UploadEarningDocument.js.map": 1744109145277,
  "Component-preload.js": 1744109145373,
  "Component-preload.js.map": 1744109145373,
  "ext/fragment/UploadEarningDocument.fragment.xml": 1744101902755,
  "ext/fragment/DisplayEarningDocument.fragment.xml": 1744101922895,
  "index.html": 1744094757160
}